address,owner
0x28b72dbaed6ec48b01fdff7be6e3be25aaf68572,caseinc
0x4e08e38c9802c2560d1c09d10d0a51309637f529,mbuckle
0x6166c09f66063fcc3bc0b843a4fc1be8e0a0f223,PrestonYoungsley
0x9b489668cf6fbbf57048b6bf6aad05ba95722035,DinkNFlicka
0x618da01900088c614f6a7e458fdfdf97867765d4,racheiie
0x99e266dec059b703381fc84b4c8ee16bee94452d,ikeORspike
0xf62575e24438eac215b0f7271d5279aa6d0f26b8,sdmike
0x24ecc11ac5a0015a5f494f3214727c2b1912408e,Berg44
0x203ee0a2fdf2d20d270a73de228eafc6e970c328,ArbiterOfData
0x8533ce232856396e1aec45fb2f5cca372d5d9272,ccordi
0x789e4845f8145285d96da08dc0ba6631e0950041,ncordi
0x70923ba92d8678856d718e8de26a8c6f87e42390,tmartin
0xf53f722bd2cd82c725c753d080b639d53a507044,atoulme
0x428a8d41040b5270bbcf2ac1aeae20f6857b0047,n8
0x93aa2ec14b7cd81056f4e487bd65142681fc32eb,mcarlin
0xd71996da0fde02e48facf02927e192c11d4ce790,jng
